package,url,TV
aq.com.sharetobrowser,https://github.com/queler/sharetobrowser,22
app.reading.stoic.stoicreading,https://github.com/zikalify/StoicReading,28
com.anddevw.getchromium,https://github.com/andDevW/getChromium,23
com.android.adbkeyboard,https://github.com/senzhk/ADBKeyBoard,22
com.davidshewitt.admincontrol,https://github.com/linux-colonel/AdminControl,26
apps.amine.bou.readerforselfoss,https://github.com/aminecmi/ReaderforSelfoss,28
ar.rulosoft.mimanganu,https://github.com/raulhaag/MiMangaNu,28
com.darshancomputing.BatteryIndicatorPro,https://github.com/darshan-/Battery-Indicator-Pro,28
com.github.timnew.smartremotecontrol,https://github.com/timnew/AndroidInfrared,19
com.github.sryze.wirebug,https://github.com/sryze/wirebug,23
com.github.ruleant.getback_gps,https://github.com/ruleant/getback_gps,28
com.github.moko256.twitlatte,https://github.com/moko256/twitlatte,28
com.khuttun.notificationnotes,https://github.com/khuttun/NotificationNotes,26
com.knirirr.beecount,https://github.com/knirirr/BeeCount,23
com.liato.bankdroid,https://github.com/liato/android-bankdroid,24
com.lavadip.miniVector,https://github.com/LiMium/mini-vector-android,28
com.launcher.silverfish,https://github.com/stanipintjuk/Silverfish,25
com.kunzisoft.keepass.libre,https://github.com/Kunzisoft/KeePassDX,28
com.kanedias.vanilla.audiotag,https://github.com/vanilla-music/vanilla-music-tag-editor,28
com.leocardz.multitouch.test,https://github.com/LeonardoCardoso/Multitouch-Test,20
com.keylesspalace.tusky,https://github.com/tuskyapp/Tusky,28
com.jstappdev.dbclf,https://github.com/j05t/dbclf,28
com.kgurgul.cpuinfo,https://github.com/kamgurgul/cpu-info,28
com.kanedias.vanilla.lyrics,https://github.com/vanilla-music/vanilla-music-lyrics-search,28
com.pluscubed.matloglibre,https://github.com/pluscubed/matlog,28
com.kaliturin.blacklist,https://github.com/kaliturin/BlackList,25
com.jtmcn.archwiki.viewer,https://github.com/kevinhinterlong/archwiki-viewer,29
com.plusonelabs.calendar,https://github.com/andstatus/todoagenda,29
com.tobykurien.webmediashare,https://github.com/tobykurien/WebMediaShare,27
com.jtechme.jumpgo,https://github.com/JTechMe/JumpGo,24
com.todobom.opennotescanner,https://github.com/ctodobom/OpenNoteScanner,27
com.pitchedapps.frost,https://github.com/AllanWang/Frost-for-Facebook,29
com.juliansparber.captiveportallogin,https://github.com/jsparber/CaptivePortalAutologin/,25
com.pixiv.muzei.pixivsource,https://github.com/dahlia/muzei-pixiv,26
com.tobykurien.webapps,https://github.com/tobykurien/webapps,28
com.tobykurien.google_news,https://github.com/tobykurien/GoogleApps,27
com.tobykurien.batteryfu,https://github.com/tobykurien/BatteryFu,10
de.chaosdorf.meteroid,https://github.com/chaosdorf/meteroid,29
de.christinecoenen.code.zapp,https://github.com/cemrich/zapp,29
de.clemensbartz.android.launcher,https://github.com/clemensbartz/essential-launcher,29
de.blocklink.pigrid,https://github.com/blocklink-it/pigrid-companion-app,28
de.blinkt.openvpn,https://github.com/schwabe/ics-openvpn,28
de.blau.android,https://github.com/MarcusWolschon/osmeditor4android,28
de.baumann.pdfcreator,https://github.com/scoute-dich/PDFCreator,25
de.baumann.browser,https://github.com/scoute-dich/browser,29
de.baumann.hhsmoodle,https://github.com/scoute-dich/HHSMoodle,29
ee.ioc.phon.android.speak,https://github.com/Kaljurand/K6nele,29
io.github.engsergiu.react,https://github.com/engSERGIU/React,23
info.metadude.android.bitsundbaeume.schedule,https://github.com/johnjohndoe/CampFahrplan/tree/bitsundbaeume-2018,26
info.schnatterer.nusic,https://github.com/schnatterer/nusic,24
io.github.benoitduffez.cupsprint,https://github.com/BenoitDuffez/AndroidCupsPrint/tree/fdroid,25
info.zamojski.soft.towercollector,https://github.com/zamojski/TowerCollector,29
info.zwanenburg.caffeinetile,https://github.com/otaconix/caffeinetile,25
info.staticfree.SuperGenPass,https://github.com/xxv/SuperGenPass,23
info.papdt.blackblub,https://github.com/fython/Blackbulb,28
net.basov.lws.qr.fdroid,https://github.com/mvbasov/lWS.QR,26
net.bible.android.activity,https://github.com/AndBible/and-bible,29
info.metadude.android.congress.schedule,https://github.com/EventFahrplan/EventFahrplan,28
info.staticfree.android.twentyfourhour,https://github.com/xxv/24hAnalogWidget,10
net.bierbaumer.otp_authenticator,https://github.com/0xbb/otp-authenticator,23
negativedensity.techahashi,https://github.com/andswitch/techahashi,27
info.guardianproject.pixelknot,https://github.com/guardianproject/PixelKnot,25
net.basov.lws.fdroid,https://github.com/mvbasov/lWS,28
namlit.siteswapgenerator,https://github.com/namlit/siteswap_generator,28
org.basketbuilddownloader,https://github.com/daktak/basketbuild_downloader,28
name.seguri.android.lock,https://github.com/seguri/lock,27
name.seguri.android.getforegroundactivity,https://github.com/seguri/GetForegroundActivity,25
net.alaindonesia.silectric,https://github.com/hoihei/Silectric,23
org.berlin_vegan.bvapp,https://github.com/Berlin-Vegan/berlin-vegan-guide,22
name.seguri.android.isphoneencrypted,https://github.com/seguri/IsPhoneEncrypted,24
info.guardianproject.ripple,https://github.com/guardianproject/ripple,27
org.asteroidos.sync,https://github.com/AsteroidOS/AsteroidOSSync,29
org.secuso.privacyfriendlymemory,https://github.com/SecUSo/privacy-friendly-memo-game,25
org.mcxa.vortaro,https://github.com/ianmcxa/vortaro,26
org.aykit.MyOwnNotes,https://github.com/aykit/MyOwnNotes,23
org.asdtm.goodweather,https://github.com/qqq3/good-weather,25
org.asdtm.fas,https://github.com/qqq3/inventum,25
org.secuso.privacyfriendlydame,https://github.com/SecUSo/privacy-friendly-dame,28
org.secuso.privacyfriendlynetmonitor,https://github.com/SecUSo/privacy-friendly-netmonitor,26
org.mcxa.softsound,https://github.com/ianmcxa/Soft-Sound,27
org.secuso.privacyfriendlyintervaltimer,https://github.com/SecUSo/privacy-friendly-interval-timer,24
name.soulayrol.rhaa.sholi,https://github.com/dsoulayrol/android-sholi,19
org.secuso.privacyfriendlyactivitytracker,https://github.com/SecUSo/privacy-friendly-pedometer,25
org.secuso.privacyfriendlyludo,https://github.com/SecUSo/privacy-friendly-ludo,25
org.secuso.privacyfriendlynotes,https://github.com/SecUSo/privacy-friendly-notes,25
org.scoutant.rpn,https://github.com/scoutant/rpn,25
org.secuso.privacyfriendlycardgameone,https://github.com/SecUSo/privacy-friendly-werewolf,25
org.lf_net.pgpunlocker,https://github.com/PGPAuth/PGPAuth_Android,18
org.secuso.privacyfriendlypaindiary,https://github.com/SecUSo/privacy-friendly-pain-diary,26
org.secuso.privacyfriendlydicer,https://github.com/SecUSo/privacy-friendly-dicer,25
rino.org.tethercompanion,https://github.com/RinatKurmaev/Tether-companion,23
org.seamapdroid,https://github.com/marcoM32/SeaMapDroid,23
ro.ciubex.dscautorename,https://github.com/ciubex/dscautorename,23
ru.equestriadev.mgke,https://github.com/bronydell/Android-MGKEapp,24
ru.exlmoto.snood21,https://github.com/EXL/Snooder21,23
zame.GloomyDungeons.opensource.game,https://github.com/restorer/gloomy-dungeons-3d,27
rkr.simplekeyboard.inputmethod,https://github.com/rkkr/simple-keyboard,29
x1125io.initdlight,https://github.com/x1125/initd-light,25
za.co.lukestonehm.logicaldefence,https://github.com/LukeStonehm/LogicalDefence,25
xyz.hisname.fireflyiii,https://github.com/emansih/FireflyMobile,29
xyz.iridiumion.plucklockex,https://github.com/0xFireball/PluckLockEx,25
wseemann.media.romote,https://github.com/wseemann/RoMote,29
wiseguys.radar,https://github.com/GrahamBlanshard/WiseRadar,19
vocabletrainer.heinecke.aron.vocabletrainer,https://github.com/0xpr03/VocableTrainer-Android,28
wb.receiptspro,https://github.com/wbaumann/SmartReceiptsLibrary,
ut.ewh.audiometrytest,https://github.com/ReeceStevens/ut_ewh_audiometer_2014,21
us.achromaticmetaphor.agram,https://github.com/achromaticmetaphor/agram,23
us.achromaticmetaphor.imcktg,https://github.com/achromaticmetaphor/IMCKTG,21
ws.xsoh.etar,https://github.com/Etar-Group/Etar-Calendar,29
us.koller.cameraroll,https://github.com/kollerlukas/Camera-Roll-Android-App,27
wsdfhjxc.taponium,https://github.com/wsdfhjxc/taponium,23
uk.co.yahoo.p1rpp.calendartrigger,https://github.com/rparkins999/CalendarTrigger,22
uk.co.busydoingnothing.prevo,https://github.com/bpeel/prevo,26
uk.co.keepawayfromfire.screens,https://github.com/Cj-Malone/Screens,25
tyagi.shubham.customsearch,https://github.com/SubhamTyagi/dork-explore,26
uk.co.ashtonbrsc.android.intentintercept,https://github.com/intrications/intent-intercept,24
uk.co.bitethebullet.android.token,https://github.com/markmcavoy/androidtoken,24
tw.qtlin.mac.airunlocker,https://github.com/pinetum/AirUnlock-for-Android,23
trikita.talalarmo,https://github.com/trikita/talalarmo,23
trikita.slide,https://github.com/trikita/slide,21
tranquvis.simplesmsremote,https://github.com/tranquvis/SimpleSmsRemote,27
trikita.obsqr,https://github.com/trikita/obsqr,23
vnd.blueararat.kaleidoscope6,https://github.com/prrt714/Kaleidoscope,11
tomer.com.alwaysonamoledplugin,https://github.com/rosenpin/AlwaysOnAmoledPlugin,22
tk.jordynsmediagroup.simpleirc.fdroid,https://github.com/thelinuxgeekcommunity/simpleirc,22
telegra.ph,https://github.com/jlelse/teleposter,28
tech.ula,https://github.com/CypherpunkArmory/UserLAnd,29
theakki.synctool,https://github.com/TheAkki/Synctool,26
tk.al54.dev.badpixels,https://github.com/SibDev/BadPixels,24
tkj.android.homecontrol.mythmote,https://github.com/pot8oe/mythmote,23
theredspy15.ltecleanerfoss,https://github.com/TheRedSpy15/LTECleanerFOSS,28
streetwalrus.usbmountr,https://github.com/Streetwalrus/android_usb_msd,27
subreddit.android.appstore,https://github.com/d4rken/reddit-android-appstore,28
systems.byteswap.aiproute,https://github.com/benjaminaigner/aiproute,15
sun.bob.leela,https://github.com/PuffOpenSource/Puff-Android,24
se.tube42.kidsmem.android,https://github.com/tube42/candymem,26
simple.reboot.com,https://github.com/franciscofranco/Simple-Reboot-app,29
se.pp.mc.android.Gerberoid,https://github.com/zeldin/Gerberoid,25
swati4star.createpdf,https://github.com/Swati4star/Images-to-PDF,28
starcom.snd,https://github.com/Starcommander/StreamRadio/,27
se.tube42.p9.android,https://github.com/tube42/9p,28
se.tube42.drum.android,https://github.com/tube42/drumon,28
se.oandell.riksdagen,https://github.com/OAndell/Riksdagskollen,28
ryey.camcov,https://github.com/renyuneyun/CamCov,23
ru.valle.btc,https://github.com/ValleZ/Paper-Wallet,25
ru.zxalexis.ugaday,https://github.com/zxalexis/guess,24
ryey.easer,https://github.com/renyuneyun/Easer,23
se.embargo.retroboy,https://github.com/mikljohansson/retroboy,22
ryey.flock,https://github.com/renyuneyun/FLock,23
ru.sash0k.bluetooth_terminal,https://github.com/Sash0k/bluetooth-spp-terminal,22
ru.meefik.busybox,https://github.com/meefik/busybox,28
ru.playsoftware.j2meloader,https://github.com/nikita36078/J2ME-Loader,28
ru.ra66it.updaterforspotify,https://github.com/2Ra66it/updater-for-spotify,29
pt.joaomneto.titancompanion,https://github.com/joaomneto/TitanCompanion,29
protect.card_locker,https://github.com/brarcher/loyalty-card-locker,29
saschpe.contactevents,https://github.com/saschpe/BirthdayCalendar,27
protect.videoeditor,https://github.com/brarcher/video-transcoder,27
protect.babymonitor,https://github.com/brarcher/protect-baby-monitor,17
re.jcg.playmusicexporter,https://github.com/playmusicexporter/playmusicexporter,25
ru.ifproject.android.afr,https://github.com/hexedit/amazfit-face-replacer,28
protect.rentalcalc,https://github.com/brarcher/rental-calc,27
protect.budgetwatch,https://github.com/brarcher/budget-watch,27
science.itaintrocket.pomfshare,https://github.com/Nyubis/Pomfshare,21
saschpe.poker,https://github.com/saschpe/PlanningPoker,26
privacyfriendlyshoppinglist.secuso.org.privacyfriendlyshoppinglist,https://github.com/SecUSo/privacy-friendly-shopping-list,26
pw.thedrhax.mosmetro,https://github.com/mosmetro-android/mosmetro-android,25
protect.babysleepsounds,https://github.com/brarcher/baby-sleep-sounds,27
pro.rudloff.papercraft,https://github.com/Rudloff/PaperCraft,23
protect.gift_card_guard,https://github.com/brarcher/gift-card-guard,23
ru.henridellal.emerald,https://github.com/HenriDellal/emerald,26
pl.hypeapp.episodie,https://github.com/hypeapps/episodie,25
pl.sanszo.pcis,https://github.com/JSandomierz/pcis,25
org.zamedev.gloomydungeons2.opensource,https://github.com/restorer/gloomy-dungeons-2,15
pl.hypeapp.endoscope,https://github.com/hypeapps/Endoscope,25
org.xbmc.kore,https://github.com/xbmc/Kore,26
peanutencryption.peanutencryption,https://github.com/goexle/peanutEncryption,22
org.yaaic,https://github.com/pocmo/Yaaic,22
org.witness.sscphase1,https://github.com/guardianproject/ObscuraCam,27
org.y20k.trackbook,https://github.com/y20k/trackbook,27
org.zamedev.gloomydungeons1hardcore.opensource,https://github.com/restorer/gloomy-dungeons-3d,27
org.yaxim.androidclient,https://github.com/ge0rg/yaxim,17
org.wikimedia.commons.wikimedia,https://github.com/CommonsLab/CommonsLab,25
org.xposeddownloader,https://github.com/daktak/xposed_downloader,24
org.vi_server.red_screen,https://github.com/vi/redscreen.apk,
org.walleth,https://github.com/walleth/walleth,29
org.whitequark.sipcaller,https://github.com/whitequark/SIPCaller,22
org.transdroid.search,https://github.com/erickok/transdroid-search,28
org.transdroid.lite,https://github.com/erickok/transdroid,25
org.transdroid.full,https://github.com/erickok/transdroid,29
org.wikipedia,https://github.com/wikimedia/apps-android-wikipedia,29
org.zephyrsoft.trackworktime,https://github.com/mathisdt/trackworktime,27
org.voidsink.anewjkuapp,https://github.com/marunjar/anewjkuapp,29
org.tuxpaint,https://github.com/tux4kids/Tuxpaint-Android,19
org.traccar.client,https://github.com/traccar/traccar-client-android,29
org.thosp.yourlocalweather,https://github.com/thuryn/your-local-weather,28
org.totschnig.sendwithftp,https://github.com/mtotschnig/SendWithFtp,16
org.thiolliere.youtubestream,https://github.com/thiolliere/YouTubeStream,28
org.totschnig.myexpenses,https://github.com/mtotschnig/MyExpenses,28
org.voidptr.swpieview,https://github.com/err4nt/SwpieView,26
org.toulibre.capitoledulibre,https://github.com/capitoledulibre/cdl-companion-android,26
org.ttrssreader,https://github.com/nilsbraden/ttrss-reader-fork,28
org.surrel.messengerbypasser,https://github.com/gsurrel/MessengerBypasser,23
org.thecongers.mtpms,https://github.com/kconger/org.thecongers.mtpms,25
org.telegram.messenger,https://github.com/Telegram-FOSS-Team/Telegram-FOSS,28
org.y20k.transistor,https://github.com/y20k/transistor,29
org.sufficientlysecure.keychain,https://github.com/open-keychain/open-keychain,28
org.tamanegi.atmosphere,https://github.com/lllllT/AtmosphereLogger,28
org.tasks,https://github.com/tasks/tasks,29
org.sugr.gearshift,https://github.com/urandom/gearshift,25
org.strawberryforum.pollywog,https://github.com/huckleberrypie/pollywog,25
org.surrel.facebooknotifications,https://github.com/gsurrel/FacebookNotifications,24
org.sufficientlysecure.termbot,https://github.com/cotechde/termbot,27
org.t2.synconwifi,https://github.com/Kadabash/SyncOnWifi,25
org.sensors2.pd,https://github.com/SensorApps/Sensors2Pd,22
org.softeg.slartus.forpdaplus,https://github.com/slartus/4pdaClient-plus,23
org.sw24softwares.starkeverben,https://github.com/Sw24Softwares/StarkeVerben,28
org.shirakumo.ocelot,https://github.com/Shirakumo/ocelot,26
org.sorz.lab.tinykeepass,https://github.com/sorz/TinyKeePass,29
org.sensors2.osc,https://github.com/SensorApps/Sensors2OSC,23
org.secuso.privacyfriendlyyahtzeedicer,https://github.com/SecUSo/privacy-friendly-dice-game,26
org.servalproject,https://github.com/servalproject/batphone,10
org.secuso.privacyfriendlyweather,https://github.com/SecUSo/privacy-friendly-weather,26
org.secuso.privacyfriendlytodolist,https://github.com/SecUSo/privacy-friendly-todo-list,26
org.secuso.privacyfriendlyruler,https://github.com/SecUSo/privacy-friendly-ruler,25
org.secuso.privacyfriendlyrecknoningskills,https://github.com/SecUSo/privacy-friendly-reckoning-skills,26
org.secuso.privacyfriendlypausinghealthily,https://github.com/SecUSo/privacy-friendly-pausing-healthily,27
org.secuso.privacyfriendlysudoku,https://github.com/SecUSo/privacy-friendly-sudoku,25
org.secuso.privacyfriendlypasswordgenerator,https://github.com/SecUSo/privacy-friendly-passwordgenerator,27
org.shadowice.flocke.andotp,https://github.com/andOTP/andOTP,28
org.quantumbadger.redreader,https://github.com/QuantumBadger/RedReader,28
org.schabi.newpipe,https://github.com/TeamNewPipe/NewPipe,28
org.scoutant.blokish,https://github.com/scoutant/blokish,25
org.redcross.openmapkit,https://github.com/posm/OpenMapKitAndroid,21
org.primftpd,https://github.com/wolpi/prim-ftpd,27
org.ppsspp.ppsspp,https://github.com/hrydgard/ppsspp,22
org.pocketworkstation.pckeyboard,https://github.com/klausw/hackerskeyboard,26
org.paladyn.mediclog,https://github.com/JohnLines/mediclog,23
org.petero.droidfish,https://github.com/peterosterlund2/droidfish,28
org.pixmob.freemobile.netstat,https://github.com/gilbsgilbs/freemobilenetstat,25
org.pacien.tincapp,https://github.com/pacien/tincapp,28
org.poirsouille.tinc_gui,https://github.com/Vilbrekin/tinc_gui,21
org.poopeeland.tinytinyfeed,https://github.com/fistons/TinyTinyFeed,27
org.openpetfoodfacts.scanner,https://github.com/openfoodfacts/openfoodfacts-androidapp,28
org.openintents.flashlight,https://github.com/openintents/flashlight,25
org.openintents.notepad,https://github.com/openintents/notepad,25
org.osmdroid,https://github.com/osmdroid/osmdroid,23
org.opengappsdownloader,https://github.com/daktak/opengapps_downloader,28
org.openobservatory.ooniprobe,https://github.com/ooni/probe-android,29
org.openintents.shopping,https://github.com/openintents/shoppinglist,25
org.openhab.habdroid.beta,https://github.com/openhab/openhab-android,29
org.ntpsync,https://github.com/free-software-for-android/NTPSync,17
org.openhab.habdroid,https://github.com/openhab/openhab-android,29
org.nv95.openmanga,https://github.com/nv95/OpenManga,29
org.openbmap.unifiedNlp,https://github.com/openbmap/radiocells-nlp-android,28
org.nutritionfacts.dailydozen,https://github.com/nutritionfactsorg/daily-dozen-android,27
org.openintents.filemanager,https://github.com/openintents/filemanager,28
org.olgsoft.apipepanic,https://github.com/rnauber/pipepanic-android,25
org.ninthfloor.copperpdf,https://github.com/paride/CopperPDF,23
org.nitri.opentopo,https://github.com/Pygmalion69/OpenTopoMapViewer,25
org.navitproject.navit,https://github.com/navit-gps/navit,28
org.mupen64plusae.v3.alpha,https://github.com/mupen64plus-ae/mupen64plus-ae,19
org.mozilla.mozstumbler,https://github.com/mozilla/MozStumbler,28
org.microg.nlp.backend.ichnaea,https://github.com/microg/IchnaeaNlpBackend,26
org.mozilla.klar,https://github.com/mozilla-mobile/focus-android,27
org.moire.opensudoku,https://github.com/ogarcia/opensudoku,28
org.microg.nlp,https://github.com/microg/android_packages_apps_UnifiedNlp,28
org.moire.ultrasonic,https://github.com/ultrasonic/ultrasonic,24
org.miamplayer.autoairplanemode,https://github.com/MBach/AutoAirplaneMode,25
org.microg.nlp.backend.nominatim,https://github.com/microg/NominatimGeocoderBackend,27
org.lumicall.android,https://github.com/opentelecoms-org/lumicall,27
org.mbach.lemonde,https://github.com/MBach/LeMondeRssReader,22
org.materialos.icons,https://github.com/materialos/android-icon-pack,25
org.mcxa.zephyrlogger,https://github.com/ianmcxa/ZephyrLogger,25
org.microg.nlp.backend.apple,https://github.com/microg/AppleWifiNlpBackend,8
org.michaelevans.nightmodeenabler,https://github.com/MichaelEvans/NightModeEnabler,29
org.mariotaku.twidere,https://github.com/TwidereProject/Twidere-Android,25
org.ligi.satoshiproof,https://github.com/ligi/SatoshiProof,25
org.ligi.survivalmanual,https://github.com/ligi/SurvivalManual,27
org.ligi.ipfsdroid,https://github.com/ligi/IPFSDroid,24
org.ligi.materialteatimer,https://github.com/ligi/MaterialTeaTimer,26
org.ligi.fast,https://github.com/ligi/FAST,22
org.ligi.gobandroid_hd,https://github.com/ligi/gobandroid,28
org.ligi.passandroid,https://github.com/ligi/PassAndroid,25
org.ligi.blexplorer,https://github.com/ligi/BLExplorer,25
org.liberty.android.fantastischmemo,https://github.com/helloworld1/AnyMemo,26
org.ligi.etheremote,https://github.com/ligi/etheremote,25
org.legtux.m_316k.fortune,https://github.com/316k/android-fortune,29
org.jfet.batsHIIT,https://github.com/kwantam/batsHIIT,22
org.liberty.android.freeotpplus,https://github.com/helloworld1/FreeOTPPlus,25
org.jsl.shmp,https://github.com/js-labs/ShellsMP,23
org.jsl.wfwt,https://github.com/js-labs/WalkieTalkie,21
org.kaqui,https://github.com/blastrock/kakugo,19
org.kore.kolabnotes.android,https://github.com/konradrenner/kolabnotes-android,28
org.kiwix.kiwixmobile,https://github.com/kiwix/kiwix-android,
org.kontalk,https://github.com/kontalk/androidclient,
org.jamienicol.episodes,https://github.com/jamienicol/episodes,28
org.indywidualni.fblite,https://github.com/indywidualny/FaceSlim,29
org.jak_linux.dns66,https://github.com/julian-klode/dns66,27
org.icasdri.mather,https://github.com/icasdri/Mather,27
org.itishka.pointim,https://github.com/Tishka17/Point.im-Android,21
org.gateshipone.odyssey,https://github.com/gateship-one/odyssey,25
org.fedorahosted.freeotp,https://github.com/freeotp/freeotp-android,29
org.flyve.mdm.agent,https://github.com/flyve-mdm/android-mdm-agent/,25
org.fitchfamily.android.wifi_backend,https://github.com/n76/wifi_backend,26
org.fitchfamily.android.gsmlocation,https://github.com/n76/Local-GSM-Backend,28
org.fitchfamily.android.dejavu,https://github.com/n76/DejaVu,20
org.fastergps,https://github.com/Free-Software-for-Android/FasterGPS,27
org.fitchfamily.android.symphony,https://github.com/n76/Symphony,23
org.equeim.tremotesf,https://github.com/equeim/tremotesf-android,23
org.epstudios.epmobile,https://github.com/mannd/epmobile,27
org.example.rosary,https://github.com/jfcolom/rosary,21
org.ea.sqrl,https://github.com/kalaspuffar/secure-quick-reliable-login,28
org.emunix.unipatcher,https://github.com/btimofeev/UniPatcher,29
org.ethack.orwall,https://github.com/EthACKdotOrg/orWall,26
org.eu.exodus_privacy.exodusprivacy,https://github.com/Exodus-Privacy/exodus-android-app,26
org.flyve.inventory.agent,https://github.com/flyve-mdm/android-inventory-agent/,28
org.epstudios.morbidmeter,https://github.com/mannd/morbidmeter-android,28
org.dmfs.tasks,https://github.com/dmfs/opentasks,24
org.elijaxapps.androidxmrigminer,https://github.com/ElijaxApps-org/android-xmrig-miner/,28
org.domogik.domodroid13,https://github.com/domogik/domodroid,27
org.disrupted.rumble,https://github.com/Marlinski/Rumble,28
org.developfreedom.wordpowermadeeasy,https://github.com/ylogx/wordpowermadeeasy,26
org.csploit.android,https://github.com/cSploit/android,26
org.cry.otp,https://github.com/chrismiceli/motp,9
org.blokada.alarm,https://github.com/blokadaorg/blokada,24
org.billthefarmer.tuner,https://github.com/billthefarmer/tuner,23
org.cipherdyne.fwknop2,https://github.com/jp-bennett/fwknop2,22
org.bottiger.podcast,https://github.com/bottiger/SoundWaves,23
org.c_base.c_beam,https://github.com/c-base/c-beam-droid,28
org.bobstuff.bobball,https://github.com/bobthekingofegypt/BobBall,28
org.billthefarmer.melodeon,https://github.com/billthefarmer/melodeon,24
org.billthefarmer.scope,https://github.com/billthefarmer/scope,27
org.billthefarmer.currency,https://github.com/billthefarmer/currency,28
org.decsync.cc,https://github.com/39aldo39/DecSyncCC,23
org.billthefarmer.crossword,https://github.com/billthefarmer/crossword,28
org.bienvenidoainternet.app,https://github.com/Renard1911/BaiApp,28
org.billthefarmer.diary,https://github.com/billthefarmer/diary,28
org.billthefarmer.siggen,https://github.com/billthefarmer/sig-gen,29
org.billthefarmer.shorty,https://github.com/billthefarmer/shorty,28
org.billthefarmer.editor,https://github.com/billthefarmer/editor,26
org.decsync.sparss.floss,https://github.com/39aldo39/spaRSS-DecSync,28
org.billthefarmer.accordion,https://github.com/billthefarmer/accordion,28
org.anothermonitor,https://github.com/AntonioRedondo/AnotherMonitor,28
org.andstatus.app,https://github.com/andstatus/andstatus,28
org.androidsoft.coloring,https://github.com/androidsoft-org/androidsoft-coloring,29
org.ametro,https://github.com/RomanGolovanov/ametro,28
org.andglkmod.hunkypunk,https://github.com/retrobits/son_of_hunkypunk,23
openfoodfacts.github.scrachx.openbeauty,https://github.com/openfoodfacts/openfoodfacts-androidapp,29
org.androidpn.client,https://github.com/daktak/androidpn-client,19
ohm.quickdice,https://github.com/Ohmnibus/quick-dice-roller,23
openfoodfacts.github.scrachx.openfood,https://github.com/openfoodfacts/openfoodfacts-androidapp,19
org.adaway,https://github.com/AdAway/AdAway,28
nu.firetech.android.pactrack,https://github.com/firetech/PactrackDroid,23
org.connectbot,https://github.com/connectbot/connectbot,21
nl.mpcjanssen.simpletask,https://github.com/mpcjanssen/simpletask-android,28
nl.implode.weer,https://github.com/sanderbaas/WeatherWidget,28
nya.miku.wishmaster,https://github.com/miku-nyan/Overchan-Android,
nl.yoerinijs.notebuddy,https://github.com/YoeriNijs/NoteBuddy,28
ohi.andre.consolelauncher,https://github.com/fAndreuzzi/TUI-ConsoleLauncher,28
net.usikkert.kouchat.android,https://github.com/blurpy/kouchat-android,27
nl.devluuk.sleepywifi,https://github.com/DevLuuk/SleepyWifi,23
nitezh.ministock,https://github.com/niteshpatel/ministocks,25
nl.implode.regenalarm,https://github.com/sanderbaas/rainalarm-android,27
org.afhdownloader,https://github.com/daktak/afh_downloader,27
net.syncthing.lite,https://github.com/syncthing/syncthing-lite,28
net.tevp.postcode,https://github.com/palfrey/postcode,28
net.tjado.passwdsafe,https://github.com/tejado/Authorizer,23
net.programmierecke.radiodroid2,https://github.com/segler-alex/RadioDroid,25
net.reichholf.dreamdroid,https://github.com/sreichholf/dreamDroid,26
net.schueller.peertube,https://github.com/sschueller/peertube-android,
net.pmarks.chromadoze,https://github.com/pmarks-net/chromadoze,28
net.osmtracker,https://github.com/labexp/osmtracker-android,28
net.osmand.plus,https://github.com/osmandapp/Osmand,28
net.opendasharchive.openarchive.release,https://github.com/OpenArchive/openarchive-android,28
net.nitroshare.android,https://github.com/nitroshare/nitroshare-android,23
net.nullsum.audinaut,https://github.com/nvllsvm/Audinaut,28
net.nurik.roman.muzei,https://github.com/romannurik/muzei,28
net.wigle.wigleandroid,https://github.com/wiglenet/wigle-wifi-wardriving,23
net.loeuillet.wifi_eap_sim_conf,https://github.com/SLoeuillet/WIFI_EAP_SIM_Conf,27
net.mypapit.mobile.myposition,https://github.com/gjedeer/mylocation,29
net.iowaline.dotdash,https://github.com/agwells/dotdash-keyboard-android,25
net.inbox.pager,https://github.com/itprojects/InboxPager,27
net.nightwhistler.pageturner,https://github.com/NightWhistler/PageTurner,21
net.justdave.nwsweatheralertswidget,https://github.com/justdave/nwsweatheralertswidget,23
net.mabako.steamgifts,https://github.com/SteamGifts/SteamGifts,23
net.kourlas.voipms_sms,https://github.com/michaelkourlas/voipms-sms-client,29
net.gsantner.dandelior,https://github.com/gsantner/dandelion,
net.iexos.musicalarm,https://github.com/iexos/BipolAlarm,19
net.osmand.srtmPlugin.paid,https://github.com/osmandapp/Osmand,25
net.etuldan.sparss.floss,https://github.com/Etuldan/spaRSS,28
net.jakevossen.apollotrivia,https://github.com/jakevossen5/Apollo-Trivia,27
net.frju.flym,https://github.com/FredJul/Flym,22
net.bytten.xkcdviewer,https://github.com/tcoxon/XkcdViewer,21
net.daverix.urlforward,https://github.com/daverix/urlforwarder,23
net.czlee.debatekeeper,https://github.com/czlee/debatekeeper,27
net.ddns.mlsoftlaberge.trycorder,https://github.com/mlsoft/Trycorder5,29
net.fabiszewski.ulogger,https://github.com/bfabiszewski/ulogger-android,11
name.gdr.acastus_photon,https://github.com/gjedeer/Acastus,24
name.boyle.chris.sgtpuzzles,https://github.com/chrisboyle/sgtpuzzles,23
menion.android.whereyougo,https://github.com/biylda/WhereYouGo,23
moe.martini.midictrl,https://github.com/MartiniMoe/MIDICtrl,29
moe.minori.pgpclipper,https://github.com/Mnkai/PGPClipper,24
me.zeeroooo.materialfb,https://github.com/ZeeRooo/MaterialFBook,28
me.shrimadhavuk.watransmitter,https://github.com/SpEcHiDe/WhatsAppTransmitter,23
me.tsukanov.counter,https://github.com/gentlecat/Simple-Counter/,25
mkg20001.net.samremote,https://github.com/mkg20001/SamRemote,28
me.jakelane.wrapperforfacebook,https://github.com/JakeLane/Toffeed,28
net.bluetoothviewer,https://github.com/janosgyerik/bluetoothviewer,22
me.impa.knockonports,https://github.com/impalex/knockonports,28
me.hda.urlhda,https://github.com/cryptofuture/urlhda-android,28
me.sheimi.sgit,https://github.com/sheimi/SGit,23
me.echeung.moemoekyun.fdroid,https://github.com/LISTEN-moe/android-app,19
me.johnmh.boogdroid,https://github.com/JohnMH/BoogDroid,28
marto.rtl_tcp_andro,https://github.com/martinmarinov/rtl_tcp_andro-,23
me.ccrama.redditslide,https://github.com/ccrama/Slide,21
mbmb5.lumixextendedcontrolapp,https://github.com/mbmb5/Eylca,29
max.music_cyclon,https://github.com/maxammann/music-cyclon,21
me.murks.filmchecker,https://github.com/zouroboros/filmchecker,24
link.standen.michael.fatesheets,https://github.com/ScreamingHawk/fate-sheets,28
link.standen.michael.slideshow,https://github.com/ScreamingHawk/android-slideshow,23
link.standen.michael.phonesaver,https://github.com/ScreamingHawk/phone-saver,23
li.klass.fhem,https://github.com/klassm/andFHEM,28
lanchon.sigspoof.checker,https://github.com/Lanchon/sigspoof-checker,25
koeln.mop.elpeefpe,https://github.com/m0ppers/ElpeEfpeAndroid,28
kiwi.root.an2linuxclient,https://github.com/rootkiwi/an2linuxclient,28
kaba.yucata.envoy,https://github.com/ka-ba/yucata.envoy,
jwtc.android.chess,https://github.com/jcarolus/android-chess,23
me.alexghr.bulkshare.android.app2,https://github.com/alexghr/bulkshare,24
jonas.tool.saveForOffline,https://github.com/JonasCz/save-for-offline,29
jp.forkhub,https://github.com/jonan/ForkHub,28
it.niedermann.owncloud.notes,https://github.com/stefan-niedermann/nextcloud-notes,28
it.mobimentum.dualsimwidget,https://github.com/mobimentum/dualsimreminder,23
it.skarafaz.mercury,https://github.com/Skarafaz/mercury,19
it.langolonerd.app,https://github.com/aroblu94/langolonerd_android,27
it.faerb.crond,https://github.com/faerbit/android-crond,28
it.fabmazz.triestebus,https://github.com/fabmazz/triesteinbus,23
is.pinterjann.jaws,https://github.com/jannispinter/jaws,24
io.mkg20001.arubanetworkslogin,https://github.com/mkg20001/aruba-networks-login,25
io.mrarm.irc,https://github.com/MCMrARM/revolution-irc,23
io.github.sanbeg.flashlight,https://github.com/sanbeg/flashlight,25
io.github.tjg1.nori,https://github.com/tjg1/nori,23
io.github.subhamtyagi.openinwhatsapp,https://github.com/subhamtyagi/openinwa,28
io.github.phora.aeondroid,https://github.com/phora/AeonDroid,28
io.github.hopedia,https://github.com/HopEdia/android-client,10
io.gresse.hugo.anecdote,https://github.com/HugoGresse/Anecdote,28
io.github.trytonvanmeer.libretrivia,https://github.com/tryton-vanmeer/LibreTrivia,28
io.github.hidroh.materialistic,https://github.com/hidroh/materialistic,23
io.github.gsantner.memetastic,https://github.com/gsantner/memetastic,24
io.homeassistant.android,https://github.com/Maxr1998/home-assistant-Android,25
io.github.lonamiwebs.klooni,https://github.com/LonamiWebs/Klooni1010,28
io.github.tiagoshibata.gpsdclient,https://github.com/tiagoshibata/Android-GPSd-Client,28
io.github.powerinside.syncplay,https://github.com/mo3rfan/syncplayer,28
io.github.fvasco.pinpoi,https://github.com/fvasco/pinpoi,26
info.dvkr.screenstream,https://github.com/dkrivoruchko/ScreenStream,25
indrora.atomic,https://github.com/indrora/Atomic,29
in.andres.kandroid,https://github.com/andresth/Kandroid,25
info.aario.killcamera,https://github.com/aario/killcamera,28
info.aario.snotepad,https://github.com/aario/snotepad,29
in.blogspot.anselmbros.torchie,https://github.com/anselm94/Torchie-Android,22
in.shick.diode,https://github.com/zagaberoo/diode,25
in.arjsna.permissionchecker,https://github.com/Arjun-sna/android-permission-checker-app,25
im.vector.alpha,https://github.com/vector-im/riot-android,25
idv.markkuo.ambitsync,https://github.com/starryalley/AmbitSync,28
horse.amazin.my.stratum0.statuswidget,https://github.com/Valodim/Stratum0Widget,11
im.r_c.android.clearweather,https://github.com/richardchien/clear-weather-android,26
im.r_c.android.jigsaw,https://github.com/richardchien/jigsaw-android,28
hr.kravarscan.enchantedfortress,https://github.com/subchannel13/EnchantedFortress,27
im.quicksy.client,https://github.com/siacs/Conversations,27
gr.ratmole.android.Mach3Pendant,https://github.com/ratmole/Mach3Pendant,23
github.daneren2005.dsub,https://github.com/daneren2005/Subsonic,23
gq.nulldev.animeopenings.app,https://github.com/null-dev/animeopenings-android,26
grmpl.mk.stepandheightcounter,https://github.com/grmpl/StepandHeightcounter,25
fr.ybo.transportsrennes,https://github.com/ybonnel/TransportsRennes/tree/noGoogleMap,14
fr.ybo.transportsbordeaux,https://github.com/ybonnel/TransportsRennes,22
fr.unix_experience.owncloud_sms,https://github.com/nerzhul/ncsms-android,23
free.rm.netcfgwidget,https://github.com/ram-on/NetcfgWidget,25
fr.xgouchet.packageexplorer,https://github.com/xgouchet/Stanley,18
free.rm.skytube.oss,https://github.com/ram-on/SkyTube,11
fr.simon.marquis.secretcodes,https://github.com/SimonMarquis/Android-SecretCodes,28
fr.simon.marquis.preferencesmanager,https://github.com/SimonMarquis/Android-PreferencesManager,23
github.yaa110.memento,https://github.com/yaa110/Memento,28
fr.renzo.wikipoff,https://github.com/conchyliculture/wikipoff,28
fr.s3i.pointeuse,https://github.com/alandais/Pointeuse_S3I,23
fr.s13d.photobackup,https://github.com/PhotoBackup/client-android,23
fr.kwiatkowski.ApkTrack,https://github.com/JusticeRage/ApkTrack,25
fr.hnit.riverferry,https://github.com/mdecorde/BAC76,11
fr.librinfo.evecontrol2,https://github.com/e-venement/eve-control,23
fr.hnit.babyname,https://github.com/mdecorde/BABYNAME,25
fr.ac_versailles.dane.xiaexpress,https://github.com/gbarre/xiaExpressAndroid,25
fr.cph.chicago.foss,https://github.com/carlphilipp/chicago-commutes,23
fr.neamar.kiss,https://github.com/Neamar/KISS,22
fr.gaulupeau.apps.InThePoche,https://github.com/wallabag/android-app,23
fr.masciulli.drinks,https://github.com/amasciul/Drinks,27
foehnix.widget,https://github.com/dzmanto/foehnix,29
fly.speedmeter.grub,https://github.com/flyingrub/SpeedMeter,28
fr.byped.bwarearea,https://github.com/X-Ryl669/BwareArea,28
eu.wikijourney.wikijourney,https://github.com/WikiJourney/wikijourney_app,25
eu.veldsoft.hungarian.rings,https://github.com/VelbazhdSoftwareLLC/HungarianRingsForAndroid,22
eu.veldsoft.ithaka.board.game,https://github.com/VelbazhdSoftwareLLC/IthakaBoardGame,22
felixwiemuth.lincal,https://github.com/felixwiemuth/LinCal,26
eu.siebeck.sipswitch,https://github.com/robert7k/sipswitch,22
eu.siacs.conversations.voicerecorder,https://github.com/siacs/VoiceRecorder,23
eu.polarclock,https://github.com/beriain/PolarClock,15
eu.mrogalski.saidit,https://github.com/mafik/echo,26
eu.flatworld.android.slider,https://github.com/marcopar/SliderSynth,22
eu.kanade.tachiyomi,https://github.com/inorichi/tachiyomi,22
eu.quelltext.mundraub,https://github.com/niccokunzmann/mundraub-android,23
eu.faircode.email,https://github.com/M66B/FairEmail,19
eu.faircode.netguard,https://github.com/M66B/NetGuard,22
eu.devunit.fb_client,https://github.com/sebastianrakel/fb-client-android,27
eu.faircode.xlua,https://github.com/M66B/XPrivacyLua,25
eu.depau.etchdroid,https://github.com/EtchDroid/EtchDroid,29
es.usc.citius.servando.calendula,https://github.com/citiususc/calendula,29
dk.jens.backup,https://github.com/jensstein/oandbackup,21
douzifly.list,https://github.com/douzifly/clear-todolist,29
dev.ukanth.ufirewall,https://github.com/ukanth/afwall,29
dk.meznik.jan.encrypttext,https://github.com/JanmanX/EncryptTextApp,26
de.westnordost.streetcomplete,https://github.com/westnordost/StreetComplete,17
de.vier_bier.habpanelviewer,https://github.com/vbier/habpanelviewer,23
de.vibora.viborafeed,https://github.com/no-go/ViboraFeed,28
de.yazo_games.mensaguthaben,https://github.com/jakobwenzel/MensaGuthaben,25
de.xskat,https://github.com/rnauber/xskat-android,28
de.vanitasvitae.enigmandroid,https://github.com/vanitasvitae/EnigmAndroid,28
dmusiolik.pijaret,https://github.com/MrFlyingToasterman/Pijaret,26
de.yaacc,https://github.com/tobexyz/yaacc-code,25
de.t_dankworth.secscanqr,https://github.com/Fr4gorSoftware/SecScanQR,24
de.tobiasbielefeld.solitaire,https://github.com/TobiasBielefeld/Simple-Solitaire,25
de.uni_potsdam.hpi.openmensa,https://github.com/domoritz/open-mensa-android,23
de.tobiasbielefeld.searchbar,https://github.com/TobiasBielefeld/Simple-Search,26
de.tobiasbielefeld.brickgames,https://github.com/TobiasBielefeld/Simple-Brick-Games,25
de.spiritcroc.defaultdarktheme_oms,https://github.com/SpiritCroc/DefaultDarkTheme-oms,25
de.spiritcroc.darkcroc.substratum,https://github.com/SpiritCroc/DarkCroc-Android-theme,29
de.szalkowski.activitylauncher,https://github.com/butzist/ActivityLauncher,26
de.skubware.opentraining,https://github.com/chaosbastler/opentraining,24
de.stephanlindauer.criticalmaps,https://github.com/CriticalMaps/criticalmaps-android,29
de.smasi.tickmate,https://github.com/lordi/tickmate,29
de.sigfood,https://github.com/cody82/sigfood,28
de.simplestatswidget,https://github.com/Chessmasterrr/SimpleStatsWidget,21
de.schildbach.wallet_test,https://github.com/bitcoin-wallet/bitcoin-wallet,28
de.schildbach.wallet,https://github.com/bitcoin-wallet/bitcoin-wallet,25
de.robv.android.xposed.installer,https://github.com/rovo89/XposedInstaller,14
de.saschahlusiak.freebloks,https://github.com/shlusiak/Freebloks-Android,23
de.reimardoeffinger.quickdic,https://github.com/rdoeffinger/Dictionary,29
de.pinyto.exalteddicer,https://github.com/Yonjuni/ExaltedDicer,29
de.perflyst.batterycalibration,https://github.com/Perflyst/BatteryCalibration,29
de.perflyst.untis,https://github.com/Perflyst/OpenUntis/,25
de.phoenixstudios.pc_dimmer,https://github.com/xn--nding-jua/PC_DIMMER_Android,25
de.ph1b.audiobook,https://github.com/PaulWoitaschek/Voice,26
de.qspool.clementineremote,https://github.com/clementine-player/Android-Remote,21
de.quaddyservices.dynamicnightlight,https://github.com/quaddy-services/DynamicNightLight,28
de.pixart.messenger,https://github.com/kriztan/Pix-Art-Messenger,27
de.markusfisch.android.wavelines,https://github.com/markusfisch/WaveLinesWallpaper,15
de.markusfisch.android.shadereditor,https://github.com/markusfisch/ShaderEditor,26
de.meonwax.soundboard,https://github.com/meonwax/soundboard,24
de.live.gdev.timetracker,https://github.com/gsantner/kimai-android,25
de.live.gdev.cherrymusic,https://github.com/gsantner/cherrymusic-android,29
de.k3b.android.intentintercept,https://github.com/k3b/intent-intercept,29
de.k3b.android.locationMapViewer,https://github.com/k3b/locationMapViewer,28
de.k3b.android.toGoZip,https://github.com/k3b/toGoZip,23
de.kodejak.hashr,https://github.com/kodejak/Hashr,27
de.ktran.anno1404warenrechner,https://github.com/tran-khoa/ANNO1404-Warenrechner-App,27
de.koelle.christian.trickytripper,https://github.com/koelleChristian/trickytripper,23
de.karbach.tac,https://github.com/CarstenKarbach/MoTAC,21
de.k3b.android.calendar.ics.adapter,https://github.com/k3b/CalendarIcsAdapter,23
de.k3b.android.androFotoFinder,https://github.com/k3b/APhotoManager,21
de.j4velin.pedometer,https://github.com/j4velin/Pedometer,25
de.k3b.android.contentproviderhelper,https://github.com/k3b/ContentProviderHelper,28
de.j4velin.systemappmover,https://github.com/j4velin/SystemAppMover,23
de.jkliemann.parkendd,https://github.com/jklmnn/ParkenDD,21
de.igloffstein.maik.aRevelation,https://github.com/OldSparkyMI/aRevelation,21
de.hirtenstrasse.michael.lnkshortener,https://github.com/michaelachmann/LnkShortener,26
de.hampager.dapnetmobile,https://github.com/DecentralizedAmateurPagingNetwork/DAPNETApp,21
de.grobox.liberario,https://github.com/grote/Transportr,21
de.dotwee.micropinner,https://github.com/dotWee/MicroPinner,29
de.devmil.paperlaunch,https://github.com/devmil/PaperLaunch,28
de.digisocken.openwort,https://github.com/no-go/Wortschatz,25
de.digisocken.reotwe,https://github.com/no-go/ReoTwe,27
de.danoeh.antennapod,https://github.com/antennapod/AntennaPod,29
de.digisocken.anotherrss,https://github.com/no-go/AnotherRSS,27
de.devmil.muzei.bingimageofthedayartsource,https://github.com/devmil/muzei-bingimageoftheday,27
de.arnowelzel.android.periodical,https://github.com/arnowelzel/periodical,26
de.arnefeil.bewegungsmelder,https://github.com/arnef/bewegungsmelder-android,26
de.antonarnold.android.xoverrideheadphonejackdetection,https://github.com/anton-arnold/xoverrideheadphonejackdetection,28
cz.dvratil.fbeventsync,https://github.com/danvratil/FBEventSync,22
cxa.lineswallpaper,https://github.com/ghisguth/sunlight/tree/HEAD/blurredlines,28
cxa.gridwallpaper,https://github.com/ghisguth/sunlight/tree/HEAD/limitlessgrid,28
cz.martykan.webtube,https://github.com/martykan/webTube,23
cz.eutopia.snooperstopper,https://github.com/xmikos/SnooperStopper,28
d.d.meshenger,https://github.com/meshenger-app/meshenger-android,27
cz.jiriskorpil.amixerwebui,https://github.com/JiriSko/amixer-webui-android,22
cz.martykan.forecastie,https://github.com/martykan/forecastie,22
com.zoffcc.applications.metalab_open_widget,https://github.com/zoff99/MetalabDoorWidget,28
com.zegoggles.smssync,https://github.com/jberkel/sms-backup-plus,23
community.fairphone.mycontacts,https://github.com/WeAreFairphone/android_packages_apps_MyContactsWidget,26
com.zeapo.pwdstore,https://github.com/android-password-store/Android-Password-Store,27
community.fairphone.launcher,https://github.com/WeAreFairphone/FP1-Launcher,27
com.zoffcc.fahrplan.toxcon,https://github.com/zoff99/CampFahrplan,24
com.zola.bmi,https://github.com/zikalify/BMI_Calculator,25
community.fairphone.fplauncher3,https://github.com/WeAreFairphone/FP2-Launcher,21
community.fairphone.checkup,https://github.com/WeAreFairphone/FP2-Checkup,29
community.fairphone.clock,https://github.com/WeAreFairphone/android_packages_apps_ClockWidget,19
com.xperia64.timidityae,https://github.com/xperia64/timidity-ae,27
com.xlythe.calculator.material,https://github.com/Xlythe/android_packages_apps_Calculator,28
com.yassirh.digitalocean,https://github.com/yassirh/digital-ocean-swimmer,25
com.yubico.yubioath,https://github.com/Yubico/yubioath-android,23
com.wolas.awesomewallpaper,https://github.com/vvolas/Awesome-Live-Wallpaper,25
com.wownero.wownerujo,https://github.com/wownero/wownerujo/,23
com.woefe.shoppinglist,https://github.com/woefe/ShoppingList,25
com.yubico.yubiclip,https://github.com/Yubico/yubiclip-android,25
com.wmstein.tourcount,https://github.com/wistein/TourCount,29
com.wmstein.transektcount,https://github.com/wistein/TransektCount,17
com.xargsgrep.portknocker,https://github.com/xargsgrep/PortKnocker,28
com.weskenyon.bookmarkos,https://github.com/WKenya/bookmarkOS,27
com.workingagenda.devinettes,https://github.com/fenimore/devinettes-android,28
com.workingagenda.democracydroid,https://github.com/fenimore/DemocracyDroid,28
com.wangdaye.mysplash,https://github.com/WangDaYeeeeee/Mysplash,28
com.wikijourney.wikijourney,https://github.com/WikiJourney/wikijourney_app,25
com.vuze.android.remote,https://github.com/vuze/vuze-remote-for-android,25
com.wabadaba.dziennik,https://github.com/shymmq/librus-client-kotlin,24
com.vlath.beheexplorer,https://github.com/VladThodo/behe-explorer,27
com.veniosg.dir,https://github.com/veniosg/Dir,29
com.vlath.keyboard,https://github.com/VladThodo/behe-keyboard,22
com.utyf.pmetro,https://github.com/Utyff/pMetro,25
com.vadimfrolov.duorem,https://github.com/fralik/Duorem,27
com.workingagenda.fissure,https://github.com/fenimore/fissure-android,19
com.vrem.wifianalyzer,https://github.com/VREMSoftwareDevelopment/WifiAnalyzer,27
com.ultramegatech.ey,https://github.com/ultramega/elementary,26
com.uploadedlobster.PwdHash,https://github.com/phw/Android-PwdHash,27
com.ultramegasoft.flavordex2,https://github.com/ultramega/flavordex,25
com.vackosar.searchbasedlauncher,https://github.com/vackosar/search-based-launcher/,23
com.uberspot.a2048,https://github.com/uberspot/2048-android,29
com.twofours.surespot,https://github.com/zoff99/surespot-android,28
com.ulicae.cinelog,https://github.com/Alcidauk/CineLog,29
com.twistedplane.sealnote,https://github.com/vishesh/sealnote,27
com.ubergeek42.WeechatAndroid,https://github.com/ubergeek42/weechat-android,
com.u17od.upm,https://github.com/adrian/upm-android,28
com.ultrafunk.network_info,https://github.com/ultrafunk/netinfo,19
com.tomer.draw,https://github.com/rosenpin/QuickDrawEverywhere,25
com.tomer.dbz.widget,https://github.com/rosenpin/DBZ-Battery-Widget,25
com.tomaszmarzeion.notepad,https://github.com/tmarzeion/drawable-notepad,27
com.suyashsrijan.forcedoze,https://github.com/theblixguy/ForceDoze,19
com.smithdtyler.prettygoodmusicplayer,https://github.com/smithdtyler/prettygoodmusicplayer,22
com.slash.batterychargelimit,https://github.com/sriharshaarangi/BatteryChargeLimit,26
com.simplemobiletools.thankyou,https://github.com/SimpleMobileTools/Simple-Thank-You,24
com.simplemobiletools.notes.pro,https://github.com/SimpleMobileTools/Simple-Notes,24
com.simplemobiletools.musicplayer,https://github.com/SimpleMobileTools/Simple-Music-Player,27
com.simplemobiletools.camera,https://github.com/SimpleMobileTools/Simple-Camera,19
com.simplemobiletools.gallery.pro,https://github.com/SimpleMobileTools/Simple-Gallery,25
com.simplemobiletools.flashlight,https://github.com/SimpleMobileTools/Simple-Flashlight,29
com.simplemobiletools.filemanager.pro,https://github.com/SimpleMobileTools/Simple-File-Manager,28
com.sound.ampache,https://github.com/Dejvino/amdroid,28
com.sovworks.edslite,https://github.com/sovworks/edslite,28
com.smorgasbork.hotdeath,https://github.com/jpriebe/hotdeath,28
com.stripe1.xmouse,https://github.com/bradand/XMouse,29
com.simonramstedt.yoke,https://github.com/rmst/yoke-android,28
com.simplemobiletools.contacts.pro,https://github.com/SimpleMobileTools/Simple-Contacts,19
com.simplemobiletools.clock,https://github.com/SimpleMobileTools/Simple-CLock,23
com.simplemobiletools.applauncher,https://github.com/SimpleMobileTools/Simple-App-Launcher,
com.shkmishra.lyrically,https://github.com/shkcodes/Lyrically,23
com.simplemobiletools.calendar.pro,https://github.com/SimpleMobileTools/Simple-Calendar,26
com.simplemobiletools.calculator,https://github.com/SimpleMobileTools/Simple-Calculator,28
com.sensirion.smartgadget,https://github.com/Sensirion/SmartGadget-Android,28
com.serwylo.lexica,https://github.com/lexica/lexica,28
com.secuso.torchlight2,https://github.com/SecUSo/privacy-friendly-torchlight,23
com.saladdressing.veterondo,https://github.com/Antonis427/veterondo,28
com.shatteredpixel.shatteredpixeldungeon,https://github.com/00-Evan/shattered-pixel-dungeon,29
com.secuso.privacyFriendlyCodeScanner,https://github.com/SecUSo/privacy-friendly-qr-scanner,23
com.samsandberg.mtafarebuster,https://github.com/loisaidasam/mta-fare-buster-android,23
com.rubenroy.minimaltodo,https://github.com/rubenroy/Minimal-Todo,25
com.sagar.screenshift2,https://github.com/aravindsagar/ScreenShift,23
com.samebits.beacon.locator,https://github.com/vitas/beaconloc,29
com.saha.batchuninstaller,https://github.com/sarbajitsaha/Batch-Uninstaller,28
com.seafile.seadroid2,https://github.com/haiwen/seadroid,23
com.rubenwardy.minetestmodmanager,https://github.com/rubenwardy/mtmods4android,23
com.ridgelineapps.resdicegame,https://github.com/Bubu/android-dice-game,23
com.ruesga.android.wallpapers.photophase,https://github.com/jruesga/PhotoPhase,28
com.ringdroid,https://github.com/google/ringdroid,28
com.rfo.basic,https://github.com/ibinshoid/LASKmobile,28
com.rehanced.lunary,https://github.com/manuelsc/Lunary-Ethereum-Wallet,28
com.rareventure.gps2,https://github.com/redfish64/TinyTravelTracker,23
com.rascarlo.aurdroid,https://github.com/rascarlo/AURdroid,27
com.rascarlo.arch.packages,https://github.com/rascarlo/ArchPackages,22
com.redirectapps.tvkill,https://github.com/42SK/TVKILL,16
com.rastating.droidbeard,https://github.com/rastating/DroidBeard,28
com.quaap.primary,https://github.com/quaap/Primary,26
com.rascarlo.adaptive.brightness.tile,https://github.com/rascarlo/AdaptiveBrightnessTile,28
com.quaap.phonefonefun,https://github.com/quaap/PhoneFoneFun,28
com.quaap.bookymcbookface,https://github.com/quaap/BookyMcBookface,27
com.quaap.computationaldemonology,https://github.com/quaap/ComputationalDemonology,21
com.pilot51.voicenotify,https://github.com/pilot51/voicenotify,28
com.quaap.launchtime,https://github.com/quaap/LaunchTime,28
com.quaap.dodatheexploda,https://github.com/quaap/DodaTheExploda,28
com.quaap.audiometer,https://github.com/quaap/AudioMeter,28
com.physphil.android.unitconverterultimate,https://github.com/physphil/UnitConverterUltimate,25
com.philolog.hoplitekeyboard,https://github.com/jeremymarch/HoplitePolytonicKeyboardAndroid,27
com.phpsysinfo,https://github.com/phpsysinfo/psiandroid,28
com.philliphsu.clock2,https://github.com/philliphsu/ClockPlus,28
com.pindroid,https://github.com/maxpower47/PinDroid,25
com.poupa.vinylmusicplayer,https://github.com/AdrienPoupa/VinylMusicPlayer,28
com.quaap.fishberserker,https://github.com/quaap/SeafoodBerserker,28
com.pavelsikun.runinbackgroundpermissionsetter,https://github.com/MrBIMC/RunInBackgroundPermissionSetter,27
com.passcard,https://github.com/cryptofuture/PassCard,25
com.orgzly,https://github.com/orgzly/orgzly-android,25
com.Pau.ImapNotes2,https://github.com/nbenm/ImapNote2,28
com.owncloud.android,https://github.com/owncloud/android,28
com.nutomic.ensichat,https://github.com/Nutomic/ensichat,26
com.phikal.regex,https://github.com/phikal/ReGeX,23
com.nutomic.syncthingandroid,https://github.com/syncthing/syncthing-android,28
com.ogsdroid,https://github.com/nathanj/ogsdroid,16
com.outdoordevs.ellaism.wallet,https://github.com/ellaism/Lunary-Ethereum-Wallet,28
com.pcinpact,https://github.com/AnaelMobilia/NextINpact-Unofficial,23
com.numguesser.tonio_rpchp.numberguesser,https://github.com/Reepeecheep/NumberGuesser,24
com.notecryptpro,https://github.com/RyuzakiKK/NoteCrypt,28
com.noprestige.kanaquiz,https://github.com/theblackwidower/KanaQuiz,25
com.nononsenseapps.notepad,https://github.com/spacecowboy/NotePad,26
com.nextcloud.client,https://github.com/nextcloud/android,29
com.nicolasbrailo.vlcfreemote,https://github.com/nicolasbrailo/VlcFreemote,28
com.nextcloud.android.beta,https://github.com/nextcloud/android,28
com.nicue.onetwo,https://github.com/ndleyton/OneTwo,28
com.nicobrailo.pianoli,https://github.com/nicolasbrailo/PianOli,19
com.nextcloud.talk2,https://github.com/nextcloud/talk-android,28
com.nathanosman.chronosnap,https://github.com/nathan-osman/chronosnap,28
com.nextgis.mobile,https://github.com/nextgis/android_gisapp,29
com.nbossard.packlist,https://github.com/nbossard/packlist,25
com.nhellfire.kerneladiutor,https://github.com/NHellFire/KernelAdiutor,28
com.nkanaev.comics,https://github.com/nkanaev/bubble,29
com.mustafaali.sensorssandbox,https://github.com/mustafa01ali/SensorsSandbox,21
com.mschlauch.comfortreader,https://github.com/mschlauch/comfortreader,24
com.msapps.touchdetector,https://github.com/sujithkanna/TouchDetector,27
com.murrayc.galaxyzoo.app,https://github.com/murraycu/android-galaxyzoo,27
com.mridang.speedo,https://github.com/mridang/gasflow,22
com.mridang.throttle,https://github.com/mridang/microchip,24
com.mrbimc.selinux,https://github.com/MrBIMC/SELinuxModeChanger,28
com.namelessdev.mpdroid,https://github.com/abarisain/dmix,25
com.mkulesh.micromath.plus,https://github.com/mkulesh/microMathematics,24
com.morlunk.mumbleclient,https://github.com/acomminos/Plumble,23
com.movim.movim,https://github.com/movim/movim_android,23
com.money.manager.ex,https://github.com/moneymanagerex/android-money-manager-ex,26
com.moonpi.swiftnotes,https://github.com/adrianchifor/Swiftnotes,23
com.moez.QKSMS,https://github.com/moezbhatti/qksms,28
com.menny.android.anysoftkeyboard,https://github.com/AnySoftKeyboard/AnySoftKeyboard,21
com.mde.potdroid,https://github.com/janoliver/pOT-Droid,21
com.mikifus.padland,https://github.com/mikifus/padland,28
com.mgaetan89.showsrage,https://github.com/MGaetan89/ShowsRage,25
com.mattermost.mattermost,https://github.com/mattermost/mattermost-android-classic,29
com.maxfour.music,https://github.com/MaxFour/Music-Player,28
com.mathi_amorim.emmanuel.metrictime,https://github.com/mannyamorim/metrictime,26
com.metinkale.prayer,https://github.com/metinkale38/prayer-times-android,28
com.menny.anysoftkeyboard.finnish,https://github.com/AnySoftKeyboard/LanguagePack/tree/Finnish,23
com.matejdro.pebbledialer,https://github.com/matejdro/PebbleDialer-Android,20
com.mareksebera.simpledilbert,https://github.com/smarek/Simple-Dilbert,28
com.majeur.applicationsinfo,https://github.com/MajeurAndroid/Applications-Info,24
com.lukekorth.screennotifications,https://github.com/lkorth/screen-notifications,25
com.luk.saucenao,https://github.com/LuK1337/SauceNAO,25
com.manuelmaly.hn,https://github.com/manmal/hn-android,24
com.materialos.cm.theme,https://github.com/materialos/CM12-Theme,28
com.mitzuli,https://github.com/artetxem/mitzuli,23
com.manichord.mgit,https://github.com/maks/MGit,23
com.log28,https://github.com/zoenb/log28,29
com.matoski.adbm,https://github.com/ilijamt/android-adbm,19
com.markusborg.test,https://github.com/mrksbrg/RacketGhost,23
com.lostrealm.lembretes,https://github.com/uatach/reminders,22
com.joshtwigg.cmus.droid,https://github.com/jatwigg/cmus-android-remote,27
com.jmstudios.chibe,https://github.com/raatmarien/chibe,27
com.jmstudios.redmoon,https://github.com/LibreShift/red-moon,19
com.marceljurtz.lifecounter,https://github.com/MarcelJurtz/LifeCounter,22
com.mattgmg.miracastwidget,https://github.com/mattgmg1990/miracast-widget,23
com.mantz_it.rfanalyzer,https://github.com/demantz/RFAnalyzer,7
com.jbirdvegas.mgerrit,https://github.com/JBirdVegas/external_jbirdvegas_mGerrit,24
com.llamacorp.equate,https://github.com/EvanRespaut/Equate,25
com.jmstudios.pointandhit.android,https://github.com/raatmarien/Point-and-Hit,23
com.javierllorente.adc,https://github.com/javierllorente/adc,18
com.javiersantos.whatsappbetaupdater,https://github.com/javiersantos/WhatsAppBetaUpdater,23
com.jotabout.screeninfo,https://github.com/mportuesisf/ScreenInfo,23
com.ihunda.android.binauralbeat,https://github.com/GiorgioRegni/Binaural-Beats,26
com.itds.sms.ping,https://github.com/itds-consulting/android-silent-ping-sms,22
com.infonuascape.osrshelper,https://github.com/OSRSHelper/OSRSHelper,22
com.jereksel.libresubstratum,https://github.com/jereksel/Bucket,22
com.ichi2.anki,https://github.com/ankidroid/Anki-Android,22
com.iboalali.sysnotifsnooze,https://github.com/gloomy-ghost/sysnotifsnooze,
com.ibrahimyousre.resumebuilder,https://github.com/IbrahimYousre/Resume-Builder,27
com.holokenmod,https://github.com/queler/holokenmod,19
com.hasi.hasid00r,https://github.com/h42i/d00r-app,26
com.gunshippenguin.openflood,https://github.com/GunshipPenguin/open_flood,28
com.iazasoft.footguy,https://github.com/elboza/footguy,28
com.greenaddress.greenbits_android_wallet.testnet,https://github.com/greenaddress/GreenBits,26
com.greenaddress.greenbits_android_wallet,https://github.com/blockstream/green_android,22
com.greenaddress.abcore,https://github.com/greenaddress/abcore,19
com.gtp.showapicturetoyourfriend,https://github.com/Somethingweirdhere/Secure-Photo-Viewer,23
com.google.android.location,https://github.com/microg/android_packages_apps_UnifiedNlp,23
com.google.android.diskusage,https://github.com/IvanVolosyuk/diskusage,27
com.google.android.accessibility.talkback,https://github.com/google/talkback,27
com.google.android.stardroid,https://github.com/sky-map-team/stardroid,29
com.google.android.gms,https://github.com/microg/android_packages_apps_UnifiedNlp,28
com.ilm.sandwich,https://github.com/Phantast/smartnavi,28
com.github.yeriomin.dumbphoneassistant,https://github.com/yeriomin/DumbphoneAssistant,24
com.goltzkiste.guessaday,https://github.com/mo271/guessaday,19
com.github.yeriomin.workoutlog,https://github.com/yeriomin/WorkoutLog,27
com.github.yeriomin.smsscheduler,https://github.com/yeriomin/SmsScheduler,24
com.github.dfa.diaspora_android,https://github.com/gsantner/dandelion,24
com.github.characterdog.bmicalculator,https://github.com/characterdog/bmi-calculator,23
com.github.catfriend1.syncthingandroid,https://github.com/Catfriend1/syncthing-android-fdroid,23
com.github.yeriomin.yalpstore,https://github.com/yeriomin/YalpStore,27
com.github.cythara,https://github.com/gstraube/cythara,23
com.github.cetoolbox,https://github.com/cetoolbox/cetoolbox,26
com.github.gianlucanitti.expreval,https://github.com/gianluca-nitti/android-expr-eval,28
com.github.gotify,https://github.com/gotify/android,27
com.github.characterdog.share_my_number,https://github.com/characterdog/share-my-number,29
com.gianlu.aria2android,https://github.com/devgianlu/Aria2Android,28
com.gianlu.pretendyourexyzzy,https://github.com/devgianlu/PretendYoureXyzzyAndroid,28
com.gianlu.dnshero,https://github.com/devgianlu/DNSHero,25
com.gh4a,https://github.com/slapperwan/gh4a,29
com.gelakinetic.mtgfam,https://github.com/AEFeinstein/mtg-familiar,28
com.germainz.identiconizer,https://github.com/GermainZ/Identiconizer,29
com.ghisguth.sun,https://github.com/ghisguth/sunlight/tree/HEAD/sun,29
com.gianlu.aria2app,https://github.com/devgianlu/Aria2App,29
com.ghstudios.android.mhgendatabase,https://github.com/gatheringhallstudios/MHGenDatabase,26
com.genonbeta.TrebleShot,https://github.com/genonbeta/TrebleShot,29
com.gabm.screenrotationcontrol,https://github.com/gabm/TapAndTurn,27
com.futurice.android.reservator,https://github.com/futurice/meeting-room-tablet,22
com.gabm.fancyplaces,https://github.com/gabm/FancyPlaces,29
com.games.boardgames.aeonsend,https://github.com/JanSvoboda/aeonsend-randomizer,27
com.gacode.relaunchx,https://github.com/Leszek111/ReLaunchX,28
com.fsck.k9.material,https://github.com/scoute-dich/K9-MailClient,25
com.frozendevs.cache.cleaner,https://github.com/Frozen-Developers/android-cache-cleaner,22
com.frozendevs.periodictable,https://github.com/Frozen-Developers/android-periodic-table,22
com.fsck.k9,https://github.com/k9mail/k-9,26
com.geecko.QuickLyric,https://github.com/QuickLyric/QuickLyric,15
com.foxykeep.lifecounter,https://github.com/foxykeep/lifecounter,22
com.fr3ts0n.stagefever,https://github.com/fr3ts0n/StageFever,23
com.forrestguice.suntimeswidget,https://github.com/forrestguice/SuntimesWidget,21
com.fr3ts0n.androbd.plugin.mqtt,https://github.com/fr3ts0n/AndrOBD-Plugin,22
com.fr3ts0n.ecu.gui.androbd,https://github.com/fr3ts0n/AndrOBD,28
com.fastebro.androidrgbtool,https://github.com/fasteque/rgb-tool,25
com.farmerbb.secondscreen.free,https://github.com/farmerbb/SecondScreen,18
com.fastaccess.github.libre,https://github.com/thermatk/FastHub-Libre,25
com.farmerbb.taskbar,https://github.com/farmerbb/Taskbar,25
com.example.tobiastrumm.freifunkautoconnect,https://github.com/WIStudent/FreifunkAutoConnectApp,25
com.example.muzei.muzeiapod,https://github.com/igoralmeida/muzei-apod,28
com.evenement.encapsulation,https://github.com/e-venement/eve-control,23
com.eventyay.attendee,https://github.com/fossasia/open-event-attendee-android,27
com.eventyay.organizer,https://github.com/fossasia/open-event-organizer-android,27
com.example.openpass,https://github.com/ars3niy/openpass,29
com.farmerbb.notepad,https://github.com/farmerbb/Notepad,26
com.eneko.hexcolortimewallpaper,https://github.com/urtxintxa/HexColorTime,23
com.EthanHeming.NeuralNetworkSimulator,https://github.com/Xipher7934/NeuralNetworkSimulator,23
com.fake.android.torchlight,https://github.com/kb-1000/android-torchlight,28
com.fullscreen,https://github.com/renancunha33/DiolinuxApp,28
com.etesync.syncadapter,https://github.com/etesync/android,16
com.emmaguy.cleanstatusbar,https://github.com/emmaguy/clean-status-bar,28
com.eletac.tronwallet,https://github.com/Dryec/tron-wallet-android,25
com.eleybourn.bookcatalogue,https://github.com/eleybourn/Book-Catalogue,21
com.enrico.sample,https://github.com/enricocid/Color-picker-library,27
com.eolwral.osmonitor,https://github.com/eolwral/OSMonitor,23
com.elementarytoday.theia,https://github.com/varlesh/theia-icon-theme,28
com.einmalfel.podlisten,https://github.com/einmalfel/PodListen,22
com.ebaschiera.triplecamel,https://github.com/ebaschiera/TripleCamel,27
com.dp.logcatapp,https://github.com/darshanparajuli/LogcatReader,
com.dynamite.heaterrc,https://github.com/dynamitetuning/com.dynamite.heaterrc,25
com.dozingcatsoftware.asciicam,https://github.com/dozingcat/AsciiCam,20
com.dougkeen.bart,https://github.com/dougkeen/BartRunnerAndroid,19
com.dozingcatsoftware.cameratimer,https://github.com/dozingcat/CamTimer,22
com.dozingcatsoftware.bouncy,https://github.com/dozingcat/Vector-Pinball,21
com.doomy.torch,https://github.com/MrDoomy/Torch,28
com.dkanada.chip,https://github.com/dkanada/Chip8,8
com.dnielfe.manager,https://github.com/DF1E/SimpleExplorer,21
com.dkanada.openapk,https://github.com/dkanada/OpenAPK,28
com.dirkgassen.wator,https://github.com/aperifons/Wa-Tor,14
com.dimtion.shaarlier,https://github.com/dimtion/Shaarlier,21
com.dkanada.icecons,https://github.com/dkanada/frost,22
com.dfzlv.gjjlt.caramelos,https://github.com/luarca84/Caramelos,26
com.duckduckgo.mobile.android,https://github.com/duckduckgo/Android,23
com.darshancomputing.BatteryIndicator,https://github.com/darshan-/Battery-Indicator-Free,25
com.danvelazco.fbwrapper,https://github.com/velazcod/Tinfoil-Facebook,23
com.coste.syncorg,https://github.com/wizmer/syncorg,28
com.crazyhitty.chdev.ks.munch,https://github.com/crazyhitty/Munch,28
com.danielkim.soundrecorder,https://github.com/dkim0419/SoundRecorder,25
com.danhasting.radar,https://github.com/dh4/WeatherRadar,28
com.cleveroad.sample,https://github.com/Cleveroad/PlayWidget,28
com.corphish.nightlight.generic,https://github.com/corphish/NightLight,28
com.catchingnow.tinyclipboardmanager,https://github.com/heruoxin/Clip-Stack,22
com.bytestemplar.tonedef,https://github.com/Fortyseven/ToneDef,24
com.chanapps.four.activity,https://github.com/grzegorznittner/chanu,23
com.btcontract.wallet,https://github.com/btcontract/wallet,21
com.commonslab.commonslab,https://github.com/CommonsLab/CommonsLab,28
com.byagowi.persiancalendar,https://github.com/persian-calendar/DroidPersianCalendar,23
com.borneq.heregpslocation,https://github.com/borneq/HereGPSLocation,28
com.brentpanther.bitcoincashwidget,https://github.com/hwki/SimpleBitcoinWidget,22
com.brentpanther.ethereumwidget,https://github.com/hwki/SimpleBitcoinWidget,29
com.brentpanther.bitcoinwidget,https://github.com/hwki/SimpleBitcoinWidget,19
com.briankhuu.nfcmessageboard,https://github.com/mofosyne/NFCMessageBoard,21
com.bleyl.recurrence,https://github.com/jonasbleyl/Recurrence,25
com.benny.openlauncher,https://github.com/OpenLauncherTeam/openlauncher,28
com.bijoysingh.quicknote,https://github.com/BijoySingh/Scarlet-Notes,18
com.bytesforge.linkasanote,https://github.com/alexcustos/linkasanote,26
com.atr.tedit,https://github.com/ATryder/TEdit,26
com.brentpanther.litecoinwidget,https://github.com/hwki/SimpleBitcoinWidget,29
com.ath0.rpn,https://github.com/lpar/RPN,22
com.aragaer.jtt,https://github.com/aragaer/jtt_android,24
com.averi.worldscribe,https://github.com/MarquisLP/World-Scribe,28
com.biglybt.android.client,https://github.com/BiglySoftware/BiglyBT-Android,28
com.anysoftkeyboard.languagepack.spain,https://github.com/AnySoftKeyboard/LanguagePack/tree/Spanish,29
com.anysoftkeyboard.languagepack.tatar,https://github.com/AnySoftKeyboard/LanguagePack/tree/Tatar,28
com.app.missednotificationsreminder,https://github.com/httpdispatch/MissedNotificationsReminder,26
com.app.Zensuren,https://github.com/ngbvol/Zensuren,
com.anysoftkeyboard.languagepack.russian2,https://github.com/AnySoftKeyboard/LanguagePack/tree/Russian,22
com.anysoftkeyboard.languagepack.ossturkish,https://github.com/AnySoftKeyboard/LanguagePack/tree/Turkish,29
com.anysoftkeyboard.languagepack.ukrainian,https://github.com/AnySoftKeyboard/LanguagePack/tree/Ukrainian,28
com.anysoftkeyboard.languagepack.portuguese,https://github.com/AnySoftKeyboard/LanguagePack/tree/Portuguese,26
com.b44t.messenger,https://github.com/deltachat/deltachat-android,25
com.anysoftkeyboard.languagepack.slovene,https://github.com/AnySoftKeyboard/LanguagePack/tree/Slovene,27
com.anysoftkeyboard.languagepack.neo,https://github.com/kertase/neo_anysoftkeyboard,22
com.anysoftkeyboard.languagepack.indonesian,https://github.com/AnySoftKeyboard/LanguagePack/tree/Indonesian,25
com.anysoftkeyboard.languagepack.swedish,https://github.com/AnySoftKeyboard/LanguagePack/tree/Swedish,27
com.anysoftkeyboard.languagepack.norwegian,https://github.com/AnySoftKeyboard/LanguagePack/tree/Norwegian,27
com.anysoftkeyboard.languagepack.osspolish,https://github.com/AnySoftKeyboard/LanguagePack/tree/Polish,26
com.anysoftkeyboard.languagepack.macedonian,https://github.com/AnySoftKeyboard/LanguagePack/tree/Macedonian,26
com.anysoftkeyboard.languagepack.latvian,https://github.com/AnySoftKeyboard/LanguagePack/tree/Latvian,25
com.anysoftkeyboard.languagepack.hebrew,https://github.com/AnySoftKeyboard/LanguagePack/tree/Hebrew,23
com.anysoftkeyboard.languagepack.icelandic,https://github.com/AnySoftKeyboard/LanguagePack/tree/Icelandic,27
com.anysoftkeyboard.languagepack.galician,https://github.com/AnySoftKeyboard/LanguagePack/tree/Galician,25
com.anysoftkeyboard.languagepack.greek,https://github.com/AnySoftKeyboard/LanguagePack/tree/Greek,27
com.anysoftkeyboard.languagepack.basque,https://github.com/AnySoftKeyboard/LanguagePack/tree/Basque,27
com.anysoftkeyboard.languagepack.afrikaans,https://github.com/AnySoftKeyboard/LanguagePack/tree/Afrikaans,26
com.anpmech.launcher,https://github.com/KeikaiLauncher/KeikaiLauncher,25
com.angryburg.uapp,https://github.com/nilesr/United4,26
com.android.talkback,https://github.com/google/talkback,26
com.android.shellms,https://github.com/try2codesecure/ShellMS,27
com.android2.calculator3,https://github.com/Xlythe/android_packages_apps_Calculator,25
com.android.gpstest.osmdroid,https://github.com/barbeau/gpstest,25
com.android.keepass,https://github.com/bpellin/keepassdroid,26
com.ames.books,https://github.com/andviane/google-books-android-viewer,28
com.allansimon.verbisteandroid,https://github.com/allan-simon/verbiste-android,26
com.agnibho.android.solarcompass,https://github.com/agnibho/solarcompass,24
com.akop.bach,https://github.com/0xe1f/Spark360,25
com.aidinhut.simpletextcrypt,https://github.com/aidin36/simpletextcrypt,25
com.amaze.filemanager,https://github.com/TeamAmaze/AmazeFileManager,28
com.afollestad.nocknock,https://github.com/afollestad/nock-nock,28
com.adonai.manman,https://github.com/Adonai/Man-Man,25
com.agateau.catgenerator,https://github.com/agateau/cat-avatar-generator-app,21
com.abhijitvalluri.android.fitnotifications,https://github.com/abhijitvalluri/fitnotifications,23
com.abcdjdj.rootverifier,https://github.com/abcdjdj/RootVerifier-APP,19
chromiumupdater.bamless.com.chromiumsweupdater,https://github.com/bamless/chromium-swe-updater,21
com.a5corp.weather,https://github.com/Sparker0i/Weather,25
com.aaronhalbert.nosurfforreddit,https://github.com/ajh3/NoSurfForReddit,28
com.aaronjwood.portauthority,https://github.com/aaronjwood/PortAuthority,25
click.dummer.rickapp,https://github.com/no-go/RickApp,23
click.dummer.imagesms,https://github.com/no-go/ImageSms,28
click.dummer.textthing,https://github.com/no-go/TextThing,23
co.pxhouse.sas,https://github.com/veniosg/JustSearch,25
click.dummer.funphonepuppet,https://github.com/no-go/FunPhonePuppet,27
cl.coders.faketraveler,https://github.com/mcastillof/FakeTraveler,28
ch.hgdev.toposuite,https://github.com/hgdev-ch/toposuite-android,27
chat.rocket.android,https://github.com/RocketChat/Rocket.Chat.Android,22
ch.ihdg.calendarcolor,https://github.com/pascalfree/calendar-color,26
ch.corten.aha.worldclock,https://github.com/dasbiswajit/worldclockwidget,26
ch.logixisland.anuto,https://github.com/reloZid/android-anuto,27
ch.jiikuy.velocitycalculator,https://github.com/jiikuy/velocitycalculator,22
ch.deletescape.lawnchair.plah,https://github.com/LawnchairLauncher/Lawnchair-V1,28
ch.fixme.status,https://github.com/fixme-lausanne/MyHackerspace,25
cityfreqs.com.pilfershushjammer,https://github.com/kaputnikGo/PilferShushJammer,29
ch.abertschi.adfree,https://github.com/abertschi/ad-free,21
ch.blinkenlights.android.vanillaplug,https://github.com/vanilla-music/vanilla-headphone-detector,19
ch.blinkenlights.android.vanilla,https://github.com/vanilla-music/vanilla,28
ch.bailu.aat,https://github.com/bailuk/AAT,25
cc.echonet.coolmicapp,https://github.com/CoolMicApp/CoolMicApp-Android,27
cat.pantsu.nyaapantsu,https://github.com/NyaaPantsu/NyaaPantsu-android-app,17
ca.pr0ps.xposed.entrustunblocker,https://github.com/pR0Ps/Entrust-IdentityGuard-Unblocker,28
ca.cmetcalfe.locationshare,https://github.com/pR0Ps/LocationShare,27
ca.cmetcalfe.xposed.disablebatterywarnings,https://github.com/pR0Ps/DisableBatteryWarnings,27
ca.mimic.apphangar,https://github.com/corcoran/Hangar,27
bus.chio.wishmaster,https://github.com/AliceCA/Overchan-Android,28
be.uhasselt.privacypolice,https://github.com/BramBonne/privacypolice,28
be.ppareit.swiftp_free,https://github.com/ppareit/swiftp,26
be.digitalia.fosdem,https://github.com/cbeyls/fosdem-companion-android,25
be.mygod.vpnhotspot,https://github.com/Mygod/VPNHotspot,19
be.brunoparmentier.openbikesharing.app,https://github.com/bparmentier/OpenBikeSharing,28
atitel.com.todoer,https://github.com/adavari/Todoer,26
axp.tool.apkextractor,https://github.com/axxapy/apkExtractor,22
at.tomtasche.reader,https://github.com/TomTasche/OpenDocument.droid,23
at.linuxtage.companion,https://github.com/linuxtage/glt-companion,22
ca.rmen.android.poetassistant,https://github.com/caarmen/poet-assistant,28
acr.browser.lightning,https://github.com/anthonycr/Lightning-Browser,29
a2dp.Vol,https://github.com/jroal/a2dpvolume,29
ca.rmen.android.networkmonitor,https://github.com/caarmen/network-monitor,22
ca.cmetcalfe.xposed.flatconnectivityicons,https://github.com/pR0Ps/FlatConnectivityIcons,25
be.brunoparmentier.wifikeyshare,https://github.com/bparmentier/WiFiKeyShare,25
ca.rmen.android.scrumchatter,https://github.com/caarmen/scrumchatter,13
cat.mvmike.minimalcalendarwidget,https://github.com/mvmike/min-cal-widget,28
ca.rmen.nounours,https://github.com/caarmen/nounours-android,29
ca.rmen.android.frenchcalendar,https://github.com/caarmen/FRCAndroidWidget,29
ca.farrelltonsolar.classic,https://github.com/graham22/Classic,25
au.com.wallaceit.reddinator,https://github.com/micwallace/reddinator,28
aws.apps.usbDeviceEnumerator,https://github.com/alt236/USB-Device-Info---Android,19
com.adam.aslfms,https://github.com/simple-last-fm-scrobbler/sls,28
au.id.micolous.farebot,https://github.com/metrodroid/metrodroid,27
com.anysoftkeyboard.languagepack.brazilian,https://github.com/AnySoftKeyboard/LanguagePack/tree/Brazilian,29
com.adguard.android.contentblocker,https://github.com/AdguardTeam/ContentBlocker,28
com.anysoftkeyboard.languagepack.italian,https://github.com/AnySoftKeyboard/LanguagePack/tree/Italian,27
com.anysoftkeyboard.languagepack.dutch,https://github.com/AnySoftKeyboard/LanguagePack/tree/Dutch,23
com.icechen1.notable.pro,https://github.com/icechen1/Notable,25
com.internalpositioning.find3.find3app,https://github.com/schollz/find3-android-scanner,24
com.gmail.afonsotrepa.pocketgopher,https://github.com/afonsotrepa/PocketGopher,26
com.iamtrk.androidexplorer,https://github.com/iamtrk/Device-Explorer,27
com.termux,https://github.com/termux/termux-app,27
com.thibaudperso.sonycamera,https://github.com/ThibaudM/timelapse-sony,28
com.thermatk.android.xf.fakegapps,https://github.com/thermatk/FakeGApps,25
com.vlille.checker,https://github.com/ojacquemart/vlilleChecker,25
com.tutpro.baresip,https://github.com/juha-h/baresip-studio,21
com.totsp.crossword.shortyz,https://github.com/kebernet/shortyz,24
com.tomer.alwayson,https://github.com/rosenpin/always-on-amoled,19
com.tomer.screenshotsharer,https://github.com/rosenpin/Screenshot-Sharer,23
com.toxtox.philosopherstonewidget,https://github.com/toxtox/SimplePhilosopherstoneWidget,28
com.tomer.poke.notifier,https://github.com/rosenpin/More-For-GO,28
de.j4velin.wifiAutoOff,https://github.com/j4velin/WiFi-Automatic,28
de.duenndns.gmdice,https://github.com/ge0rg/gamemasterdice,28
de.cweiske.headphoneindicator,https://github.com/cweiske/headphoneindicator,28
de.grobox.blitzmail,https://github.com/grote/BlitzMail,28
de.hosenhasser.funktrainer,https://github.com/meyerd/funktrainer,28
de.msal.muzei.nationalgeographic,https://github.com/sal0max/muzei-nationalgeographic,28
de.rampro.activitydiary,https://github.com/ramack/ActivityDiary,25
fr.free.nrw.commons,https://github.com/commons-app/apps-android-commons,25
io.pslab,https://github.com/fossasia/pslab-android,28
it.eternitywall.eternitywall,https://github.com/RCasatta/EternityWallAndroid,25
eu.faircode.finegeotag,https://github.com/M66B/FineGeotag,24
it.feio.android.omninotes.foss,https://github.com/federicoiosue/Omni-Notes,25
ivl.android.moneybalance,https://github.com/inguin/moneybalance,26
itkach.aard2,https://github.com/itkach/aard2-android,24
jackpal.androidterm,https://github.com/jackpal/Android-Terminal-Emulator,28
jp.redmine.redmineclient,https://github.com/indication/OpenRedmine,8
italian.said.fran.theitaliansaid,https://github.com/francescosoave/TIS_android,19
jp.takke.datastats,https://github.com/takke/DataStats,28
eu.siacs.conversations,https://github.com/siacs/Conversations,28
io.trezor.app,https://github.com/trezor/trezor-android,28
org.herrlado.ask.languagepack.czech,https://github.com/AnySoftKeyboard/LanguagePack/tree/Czech,28
net.gaast.giggity,https://github.com/Wilm0r/giggity,28
jp.takke.cpustats,https://github.com/takke/cpustats,28
de.binary_kitchen.doorlock_app,https://github.com/binary-kitchen/doorlock-app,22
net.gsantner.markor,https://github.com/gsantner/markor,22
de.baumann.weather,https://github.com/scoute-dich/Weather,23
org.secuso.privacyfriendlypin,https://github.com/SecUSo/privacy-friendly-pin-mnemonic,23
de.baumann.thema,https://github.com/scoute-dich/Blue-Minimal,26
com.github.niqdev.ipcam,https://github.com/niqdev/ipcam-view,22
de.bitsharesmunich.smartcoinswallet,https://github.com/kenCode-de/smartcoins-wallet,28
app.librenews.io.librenews,https://github.com/milesmcc/LibreNews-Android,25
com.github.quarck.calnotify,https://github.com/quarck/CalendarNotification,28
pt.ipleiria.mymusicqoe,https://github.com/albertolalanda/new-ultrasonic-fork-for-MyMusicQoE,22
de.baumann.quitsmoking,https://github.com/scoute-dich/QuitSmoking,25
com.kanedias.vanilla.coverfetch,https://github.com/vanilla-music/vanilla-music-cover-fetch,28
com.pjuu.otterdroid,https://github.com/pjuu/droidotter/,28
de.baumann.sieben,https://github.com/scoute-dich/Sieben,28
androdns.android.leetdreams.ch.androdns,https://github.com/gryphius/androdns,27
org.hwyl.sexytopo,https://github.com/richsmith/sexytopo,28
An.stop,https://github.com/jdmonin/anstop,28
com.github.onetimepass,https://github.com/OneTimePass/OneTimePass,29
com.tortel.syslog,https://github.com/Tortel/SysLog,25
de.cwde.freeshisen,https://github.com/knilch0r/freeshisen,25
com.github.postapczuk.lalauncher,https://github.com/light-launcher/Light-Android-Launcher,28
de.eidottermihi.raspicheck,https://github.com/eidottermihi/rpicheck,23
anupam.acrylic,https://github.com/valerio-bozzolan/AcrylicPaint,26
com.github.premnirmal.tickerwidget,https://github.com/premnirmal/StockTicker,25
com.tasomaniac.dashclock.hackerspace.floss,https://github.com/tasomaniac/hackdash,22
apps.jizzu.simpletodo,https://github.com/Jizzu/SimpleToDo,25
email.schaal.ocreader,https://github.com/schaal/ocreader,28
com.termux.boot,https://github.com/termux/termux-boot,22
com.termux.styling,https://github.com/termux/termux-styling,25
com.tttdevs.stncbookmarks,https://github.com/TTTDevs/NextCloudBookmarksAndroid,28
com.tasomaniac.openwith.floss,https://github.com/tasomaniac/OpenLinkWith,23
com.tananaev.logcat,https://github.com/tananaev/rootless-logcat,
de.luhmer.owncloudnewsreader,https://github.com/nextcloud/news-android,27
com.termux.window,https://github.com/termux/termux-float,29
com.tengu.sharetoclipboard,https://github.com/tengusw/share_to_clipboard,10
com.termux.api,https://github.com/termux/termux-api,26
com.anysoftkeyboard.languagepack.german,https://github.com/AnySoftKeyboard/LanguagePack/tree/German,27
com.termux.tasker,https://github.com/termux/termux-tasker,21
com.luk.timetable2,https://github.com/LuK1337/TimeTable2,29
com.termux.widget,https://github.com/termux/termux-widget,25
com.anysoftkeyboard.languagepack.french,https://github.com/AnySoftKeyboard/LanguagePack/tree/French,27
